Season,R2,MAE,MAPE,RMSE,Station,Model,TLPercentage
Spring,0.7848940100060905,0.6921060940954421,12.939237963276035,0.8141874387109945,AL41-alhama,M4,0.9
Summer,0.8352065863779826,0.3983271667957306,8.29426961452268,0.5897598444920176,AL41-alhama,M4,0.9
Autumn,0.7398618065269467,0.4816977451508304,40.675097181336625,0.6242956003337257,AL41-alhama,M4,0.9
Winter,0.7275444029995349,0.5794816536136063,26.765316838619572,0.7711627439174384,AL41-alhama,M4,0.9
Spring,0.5425524698707268,0.6721694859398736,18.930759571201747,0.8778529104014511,CA73-cartagena,M4,0.9
Summer,0.7958450412813906,0.3989856396913528,12.127916517271697,0.5451384352900007,CA73-cartagena,M4,0.9
Autumn,0.822999243194245,0.40500629304403274,29.244727582861234,0.4536596032366546,CA73-cartagena,M4,0.9
Winter,0.7397209616626218,0.3771239009136107,19.256080304969643,0.5052024950205997,CA73-cartagena,M4,0.9
Spring,0.6906067229213567,0.4313454346656799,11.595161520793441,0.6291277289371995,CA91-fuenteAlamo,M4,0.9
Summer,0.8027054958540434,0.367992194890976,9.068183444199258,0.5013761028150076,CA91-fuenteAlamo,M4,0.9
Autumn,0.6605342726650975,0.4238485107651677,36.45468442093365,0.55741843665492,CA91-fuenteAlamo,M4,0.9
Winter,0.6444532976254318,0.45849570489511265,20.4327912911508,0.6391324870112604,CA91-fuenteAlamo,M4,0.9
Spring,0.6624753277376992,0.7084014337857565,14.751349331967234,0.9241419516425056,CI42-cieza,M4,0.9
Summer,0.765485330296064,0.5408981944918632,12.36278869809467,0.7208723782325297,CI42-cieza,M4,0.9
Autumn,0.7881373399861522,0.5092146928626371,42.80328581196306,0.5959381699131854,CI42-cieza,M4,0.9
Winter,0.8029517732860297,0.28421972123588,15.060763752748324,0.40617040939215665,CI42-cieza,M4,0.9
Spring,0.6564430272108773,0.4645432258736004,10.88114632785976,0.6567475332337206,CR12-caravaca,M4,0.9
Summer,0.8170010447606046,0.47738015645742415,13.62525816431539,0.6442543876449193,CR12-caravaca,M4,0.9
Autumn,0.7989658745451125,0.2914906359527071,15.904189686862496,0.364288274310453,CR12-caravaca,M4,0.9
Winter,0.6722150472283926,0.4872999762907261,20.437475381921296,0.6181535142201919,CR12-caravaca,M4,0.9
Spring,0.6848512227461351,0.5716147314707438,11.10515510193035,0.772415947205657,JU71-jumilla,M4,0.9
Summer,0.8502353664027105,0.43884310007095345,8.436581162878438,0.609804163997707,JU71-jumilla,M4,0.9
Autumn,0.720468652278833,0.4278390332876918,17.856739174271375,0.5671442806139159,JU71-jumilla,M4,0.9
Winter,0.7181590924458139,0.44084355848591505,17.14817624995612,0.593008357138126,JU71-jumilla,M4,0.9
Spring,0.7844269903829441,0.44739541329277877,9.936401029979086,0.6561730968926638,LO51-aguilas,M4,0.9
Summer,0.8153634465968973,0.49447241413593285,9.879797331754979,0.6830503052003556,LO51-aguilas,M4,0.9
Autumn,0.8069392176455209,0.3202325580780765,12.021213794959245,0.4901951368006662,LO51-aguilas,M4,0.9
Winter,0.8603523281286881,0.4067533383718351,13.727926462255954,0.526327508307062,LO51-aguilas,M4,0.9
Spring,0.8061570069444252,0.37954953326119306,7.988642869660745,0.534452677078839,MO22-molinaSegura,M4,0.9
Summer,0.814564897701609,0.4159056613445283,9.18612520885393,0.5774184079636736,MO22-molinaSegura,M4,0.9
Autumn,0.6052287590256638,0.4075007410991339,17.250904198043255,0.5181838592453947,MO22-molinaSegura,M4,0.9
Winter,0.8160109153020522,0.3622390176610249,14.855478763517272,0.47352767469186463,MO22-molinaSegura,M4,0.9
Spring,0.7485335400955799,0.7432806401252747,13.766251812225367,0.8697164270003636,AL41-alhama,M3,0.9
Summer,0.7987922179028633,0.5765324728488922,12.12630165182488,0.7744082653038735,AL41-alhama,M3,0.9
Autumn,0.7763684025706286,0.5586297333958637,55.391517246342026,0.6594564647839405,AL41-alhama,M3,0.9
Winter,0.7175805638160143,0.5638998152570027,23.008985111062433,0.7847045135727383,AL41-alhama,M3,0.9
Spring,0.5658924337896314,0.6690004460546705,19.158841081478595,0.880908791474825,CA73-cartagena,M3,0.9
Summer,0.7337258948390063,0.5028757841587066,15.398935700132835,0.6706539978196223,CA73-cartagena,M3,0.9
Autumn,0.51570460057834,0.47772091176136433,37.03724221881594,0.5548276234764282,CA73-cartagena,M3,0.9
Winter,0.6599573910088273,0.6076483598569543,30.094141094499893,0.8907692106738612,CA73-cartagena,M3,0.9
Spring,0.6659726343975261,0.4386221436394586,11.754319250966555,0.6341852826413232,CA91-fuenteAlamo,M3,0.9
Summer,0.7565612783647027,0.4238061199188232,10.328967699540765,0.5779758610553611,CA91-fuenteAlamo,M3,0.9
Autumn,0.7661673166711174,0.4431492559019342,37.75456459164898,0.5001240639918473,CA91-fuenteAlamo,M3,0.9
Winter,0.6367328439820205,0.5071677041635281,21.500426461257643,0.6968687966604115,CA91-fuenteAlamo,M3,0.9
Spring,0.7335120089776532,0.4536224993069966,9.922027841408173,0.6323078732104457,CI42-cieza,M3,0.9
Summer,0.7749818215173245,0.5315587583780289,12.274197049112848,0.7372705453545477,CI42-cieza,M3,0.9
Autumn,0.7878788547843009,0.6097587299921426,57.51882138153112,0.6696245004849908,CI42-cieza,M3,0.9
Winter,0.8136600978274587,0.2659257741672237,14.572394317072646,0.38551527045447154,CI42-cieza,M3,0.9
Spring,0.6680894058431421,0.46832027700814344,10.723819935646315,0.6478963561792191,CR12-caravaca,M3,0.9
Summer,0.8247656406813964,0.428026070356369,12.674958472681466,0.5825018902446994,CR12-caravaca,M3,0.9
Autumn,0.8001992924401701,0.3455341811099295,21.46914301317198,0.42265997988839277,CR12-caravaca,M3,0.9
Winter,0.6131468456474609,0.4308621713591785,19.858227728386506,0.5786527225377348,CR12-caravaca,M3,0.9
Spring,0.6886639525548416,0.6020160087479485,11.35866486812064,0.7682061617760115,JU71-jumilla,M3,0.9
Summer,0.8211786260684562,0.4729639679193497,8.801178700820564,0.6733637103396489,JU71-jumilla,M3,0.9
Autumn,0.6629533040323595,0.45729202155607285,19.692086269531533,0.5942715939392245,JU71-jumilla,M3,0.9
Winter,0.802052426370526,0.35164314072306563,14.143125764809247,0.4707232005106802,JU71-jumilla,M3,0.9
Spring,0.6643281688152092,0.5476526210572984,12.120688821561252,0.7987454829835224,LO51-aguilas,M3,0.9
Summer,0.7769696328555741,0.4956668709516526,9.961329252631316,0.6442702718498176,LO51-aguilas,M3,0.9
Autumn,0.6532156933397814,0.5845392614387606,20.55308438628331,0.8482091068328302,LO51-aguilas,M3,0.9
Winter,0.7116911141437858,0.5392114458433012,20.226060310588213,0.6757887707458234,LO51-aguilas,M3,0.9
Spring,0.7613546020381309,0.426943620522817,8.828665392318513,0.580835437089263,MO22-molinaSegura,M3,0.9
Summer,0.8154552927995239,0.43914136183261865,9.2552180876895,0.5936777467666301,MO22-molinaSegura,M3,0.9
Autumn,0.47238043686160014,0.5016667781052766,20.72965907817283,0.6149841719665792,MO22-molinaSegura,M3,0.9
Winter,0.7956919376004798,0.3837848920938446,15.757331321350945,0.4974970222390579,MO22-molinaSegura,M3,0.9
Spring,0.5607106416566521,0.8909464099672106,16.867388273431413,1.0679086949533647,AL41-alhama,M2,0.9
Summer,0.7699688792017189,0.6421484216451645,14.151864241747884,0.817268364456121,AL41-alhama,M2,0.9
Autumn,0.4801349562334542,0.7337353146219828,69.91190161878306,0.895140299102753,AL41-alhama,M2,0.9
Winter,0.23789037036209454,1.0973523151056797,52.535807476541585,1.3952808740637654,AL41-alhama,M2,0.9
Spring,0.5006648562510521,0.7073807310528225,22.1766370313194,0.9140175775478989,CA73-cartagena,M2,0.9
Summer,0.6942455789965929,0.6099084960222244,16.793532169650657,0.7330867466070363,CA73-cartagena,M2,0.9
Autumn,0.5747353754469224,0.7656015641430775,61.55379232057206,0.8644491391825162,CA73-cartagena,M2,0.9
Winter,0.3856511274145555,0.8941596566758506,49.65355747965626,1.089067208474994,CA73-cartagena,M2,0.9
Spring,0.6012366733386117,0.518565545823839,14.39734796226011,0.7341600095841387,CA91-fuenteAlamo,M2,0.9
Summer,0.8361146159071146,0.4279795513153076,10.131703283815447,0.5400584063722651,CA91-fuenteAlamo,M2,0.9
Autumn,0.6388891031044178,0.6900690256831158,62.65348842814801,0.7750723728061627,CA91-fuenteAlamo,M2,0.9
Winter,0.6137348559629867,0.5282156823902595,26.087001159955854,0.6544093536864063,CA91-fuenteAlamo,M2,0.9
Spring,0.3340982012255262,0.9336011803944906,21.02672311717146,1.1490354756370362,CI42-cieza,M2,0.9
Summer,0.7386550162212241,0.5364031939506531,12.043805653114886,0.8105501173220477,CI42-cieza,M2,0.9
Autumn,0.7637008240560034,0.912214410506099,96.78565103273978,0.9886247403919555,CI42-cieza,M2,0.9
Winter,0.6431042238266832,0.4332170216048636,23.41856589188224,0.5861016197161136,CI42-cieza,M2,0.9
Spring,0.5819958656848498,0.6723573419722644,15.409956742352088,0.8204242319599849,CR12-caravaca,M2,0.9
Summer,0.8018719642365628,0.46424205404520036,11.77079657952205,0.5716094966096454,CR12-caravaca,M2,0.9
Autumn,0.5609193508701075,0.3772191468739914,22.168526550874667,0.5576190487642175,CR12-caravaca,M2,0.9
Winter,0.4232894811584736,0.6010086600373431,26.886039677076123,0.7629721453409168,CR12-caravaca,M2,0.9
Spring,0.5959758949478352,1.143108354038662,20.04974694706499,1.3275062151309494,JU71-jumilla,M2,0.9
Summer,0.7446094579302379,0.6035882509946823,11.431264037236193,0.8644352019679624,JU71-jumilla,M2,0.9
Autumn,0.4632099937301676,0.5764259222329382,35.67606129167851,0.726253610204148,JU71-jumilla,M2,0.9
Winter,0.36624194554339196,0.6310997890844577,29.05613029811785,0.8092137956803966,JU71-jumilla,M2,0.9
Spring,0.491823185545302,1.1002895505163406,21.907105562093214,1.2767784682582526,LO51-aguilas,M2,0.9
Summer,0.7227709255450687,0.5944275445938111,11.952929051615065,0.8175093754820375,LO51-aguilas,M2,0.9
Autumn,0.4709159283380851,0.611948660655194,25.29404516910761,0.9070663030199456,LO51-aguilas,M2,0.9
Winter,0.08385160434427706,0.9773207401066292,38.05285861405091,1.2749650233635255,LO51-aguilas,M2,0.9
Spring,0.672997757624148,0.4697829772101508,9.982388675782609,0.6967282337277171,MO22-molinaSegura,M2,0.9
Summer,0.7437324659306918,0.6341775727272034,12.859829267903406,0.7764706460228246,MO22-molinaSegura,M2,0.9
Autumn,0.1495554708858438,0.5257569833449376,23.011902616284516,0.6626291967599072,MO22-molinaSegura,M2,0.9
Winter,0.025111554619670736,0.9724002471202756,46.6712508472715,1.2470620054198258,MO22-molinaSegura,M2,0.9
Spring,0.3185857939981423,1.0195642361111112,22.37724346143661,1.3179528385313275,AL41-alhama,M1,0.9
Summer,0.4070939121978617,1.3666293218135834,31.94206234178596,1.6952728962628398,AL41-alhama,M1,0.9
Autumn,0.29343940301064647,0.8093723556219812,82.38544067263753,0.9963737310885825,AL41-alhama,M1,0.9
Winter,0.30988103687345253,1.4743812814572963,51.41267647542992,1.8408899521701154,AL41-alhama,M1,0.9
Spring,0.2731992186053114,1.197859887546963,32.626687610493974,1.4261151068667979,CA73-cartagena,M1,0.9
Summer,0.7332529240290235,0.8299529452323913,18.964620226696642,0.9540992665032215,CA73-cartagena,M1,0.9
Autumn,0.2848299287343433,0.4079272225391434,29.57879340085892,0.4965683904295222,CA73-cartagena,M1,0.9
Winter,0.5570976695267075,0.47686573435620566,21.078553162712424,0.656857961173309,CA73-cartagena,M1,0.9
Spring,0.4485766174881772,1.3544014959335327,32.34500839769863,1.5093450284923091,CA91-fuenteAlamo,M1,0.9
Summer,0.7957270995660213,0.4144904676079751,10.518967358157347,0.595427526752733,CA91-fuenteAlamo,M1,0.9
Autumn,0.4130638609878845,0.605784503120974,55.32247969000209,0.6946702104517197,CA91-fuenteAlamo,M1,0.9
Winter,0.474811667427623,0.810360743185369,34.095883191679896,0.9917577118254408,CA91-fuenteAlamo,M1,0.9
Spring,0.5201893479015722,0.7291470461951362,16.50002831671533,0.935783822271245,CI42-cieza,M1,0.9
Summer,0.5838527122594017,0.7939904851913452,19.77856365228974,1.0256156022736418,CI42-cieza,M1,0.9
Autumn,0.4034477966956314,0.7256971684995904,82.40478432317373,0.827359855854108,CI42-cieza,M1,0.9
Winter,0.6056468229542358,0.6648874323542525,28.840598750246176,0.8710505460331076,CI42-cieza,M1,0.9
Spring,0.3580970004283993,0.695248658602888,17.253296240930272,0.9287269525484104,CR12-caravaca,M1,0.9
Summer,0.729752732982141,0.6729864149093627,15.542985590002683,0.7955159514788851,CR12-caravaca,M1,0.9
Autumn,0.26446070709854463,0.6057313875424659,40.2847925241285,0.7394287924626908,CR12-caravaca,M1,0.9
Winter,0.37790287134799944,0.6530184392231266,27.930820526486972,0.8357033003668849,CR12-caravaca,M1,0.9
Spring,0.053417696189630166,1.2419641953574287,25.838523735767932,1.5119164635472846,JU71-jumilla,M1,0.9
Summer,0.5251993785344343,0.960541271328926,17.468928977547428,1.1047450402735983,JU71-jumilla,M1,0.9
Autumn,0.09877965263542389,0.6787427582798236,38.49532570156195,0.8140184254721702,JU71-jumilla,M1,0.9
Winter,0.43555279923975115,0.6884944855876085,25.49344611394688,0.9308862516288106,JU71-jumilla,M1,0.9
Spring,0.2666091995515952,0.9558379824426438,21.865968805545236,1.2530433399192773,LO51-aguilas,M1,0.9
Summer,0.6952983120982869,1.1734194977879524,21.975796507492433,1.3480475181854377,LO51-aguilas,M1,0.9
Autumn,0.12415033569359649,0.7975927910172796,40.49828257906977,1.0593165225197658,LO51-aguilas,M1,0.9
Winter,0.226737648524094,1.198284021877661,34.35382668590188,1.5577150651328375,LO51-aguilas,M1,0.9
Spring,0.46932350337489454,0.7129846441480847,15.549215953089208,0.9544115115948955,MO22-molinaSegura,M1,0.9
Summer,0.6967165609698469,0.6405324980020524,12.957281811559195,0.8210419605350409,MO22-molinaSegura,M1,0.9
Autumn,0.03970979637085512,0.6080754029309309,25.547546045479407,0.7505532667644429,MO22-molinaSegura,M1,0.9
Winter,0.5528195177202126,0.6569291431147877,27.256339929647698,0.8382276762955476,MO22-molinaSegura,M1,0.9
Spring,0.7682797925298432,0.5257337632179261,10.735713257747765,0.6827785963451866,AL41-alhama,M4,0.8
Summer,0.867396690108114,0.4747051565412063,10.357514828750926,0.6050961857260138,AL41-alhama,M4,0.8
Autumn,0.7073465974641275,0.6019739402951421,60.26667252787856,0.708268398597764,AL41-alhama,M4,0.8
Winter,0.7610965968599607,0.5376815532658198,25.0402629101878,0.6817728777524483,AL41-alhama,M4,0.8
Spring,0.7130763791962768,0.38067660766839984,10.788641886255759,0.5207417705750447,CA73-cartagena,M4,0.8
Summer,0.7878320658860307,0.5451326621418268,17.942716234630055,0.737954646005341,CA73-cartagena,M4,0.8
Autumn,0.7237318096171158,0.32277490293657457,26.027775830912013,0.39295002116777766,CA73-cartagena,M4,0.8
Winter,0.7284944905189854,0.4069237609105567,19.174531795914916,0.5442228878958892,CA73-cartagena,M4,0.8
Spring,0.6904560076776194,0.4016199929118156,10.566522900881804,0.5952000283287955,CA91-fuenteAlamo,M4,0.8
Summer,0.8414854266953317,0.4400669983071341,12.40920814053042,0.5844692851764991,CA91-fuenteAlamo,M4,0.8
Autumn,0.5816617199886283,0.3073235142553175,26.200322129495135,0.4767549561311027,CA91-fuenteAlamo,M4,0.8
Winter,0.6104277000145766,0.4558908903353835,19.53638327908502,0.6583552230992881,CA91-fuenteAlamo,M4,0.8
Spring,0.7062560851831023,0.40702680754661563,8.753171523666028,0.5886297631847239,CI42-cieza,M4,0.8
Summer,0.8272538129322383,0.5185856540438155,11.987008894686095,0.6429120976635143,CI42-cieza,M4,0.8
Autumn,0.7963424016587006,0.32820811136348826,27.514590592407913,0.4197028833843321,CI42-cieza,M4,0.8
Winter,0.7892264329416487,0.3046437479045293,14.7552279985113,0.43339197396020507,CI42-cieza,M4,0.8
Spring,0.6721381262984384,0.5053359559254768,11.397502702721088,0.6850112323468023,CR12-caravaca,M4,0.8
Summer,0.8689976118847232,0.4199476666517661,12.656124389051152,0.5611676229692096,CR12-caravaca,M4,0.8
Autumn,0.5886785510365887,0.382926025390625,18.83788405188129,0.5457560044689681,CR12-caravaca,M4,0.8
Winter,0.6945609006624092,0.42010294646432955,16.570167535401733,0.550223484104217,CR12-caravaca,M4,0.8
Spring,0.6030854960770872,0.6332514760494231,11.959533107996148,0.8560906238128358,JU71-jumilla,M4,0.8
Summer,0.8930651136049169,0.3848584535088338,7.483570165933248,0.5105985630133186,JU71-jumilla,M4,0.8
Autumn,0.7311980467995668,0.3868853451754595,17.04498369514139,0.5063946831904361,JU71-jumilla,M4,0.8
Winter,0.7579946396696157,0.4371329626318527,16.2316862262399,0.5702292667427196,JU71-jumilla,M4,0.8
Spring,0.7831637388773478,0.5065855090022087,10.877650654476204,0.6924764935727745,LO51-aguilas,M4,0.8
Summer,0.8833504468346431,0.3493193888328445,7.765195727999395,0.45027496675651846,LO51-aguilas,M4,0.8
Autumn,0.830435967846961,0.30815610685864014,11.807801939489982,0.48331005032603974,LO51-aguilas,M4,0.8
Winter,0.8857898041089359,0.4172493738670871,13.80892997059973,0.5169040633813463,LO51-aguilas,M4,0.8
Spring,0.7990299403431419,0.368532818198204,7.834260631904058,0.5135487486015982,MO22-molinaSegura,M4,0.8
Summer,0.8549782058951728,0.34537139489617147,8.061482017263016,0.4884099606410211,MO22-molinaSegura,M4,0.8
Autumn,0.6061213034031395,0.48219287580913966,20.253089087315544,0.586284566873262,MO22-molinaSegura,M4,0.8
Winter,0.8272429807521595,0.37252091832356915,13.601621878066034,0.4776044516207515,MO22-molinaSegura,M4,0.8
Spring,0.7574718126013915,0.5665954563617707,11.457599798849746,0.7222022619509036,AL41-alhama,M3,0.8
Summer,0.8035052375130172,0.45677270553481397,10.312922658353308,0.6370091198794544,AL41-alhama,M3,0.8
Autumn,0.7576622552866854,0.7121275248398652,75.45786598527634,0.7869493845722025,AL41-alhama,M3,0.8
Winter,0.7295752694022306,0.5513785752858201,26.06423434174146,0.7082711643613864,AL41-alhama,M3,0.8
Spring,0.678258542467459,0.3640154150128364,10.91918972011013,0.5281460380895902,CA73-cartagena,M3,0.8
Summer,0.6814259536391136,0.6051866069310148,19.53026932306188,0.8032964215103455,CA73-cartagena,M3,0.8
Autumn,0.15617227219528085,0.42667489785600354,31.724238800292515,0.5483624323058427,CA73-cartagena,M3,0.8
Winter,0.622584956107893,0.5960298919024533,28.012972945526148,0.8986664396190059,CA73-cartagena,M3,0.8
Spring,0.6489606097483042,0.4407956256270408,11.994743035965842,0.6304608744650523,CA91-fuenteAlamo,M3,0.8
Summer,0.8184560723670505,0.5025064429430897,14.77529773374966,0.6652390297603173,CA91-fuenteAlamo,M3,0.8
Autumn,0.7067003394843429,0.38907781259433644,33.69544381781546,0.4417570452538195,CA91-fuenteAlamo,M3,0.8
Winter,0.6850594378738403,0.5207527016062442,22.67017646503789,0.6813830769604682,CA91-fuenteAlamo,M3,0.8
Spring,0.7379657854218387,0.3891611850261688,8.333620214774381,0.5504999341986443,CI42-cieza,M3,0.8
Summer,0.8487399038244126,0.4013165092468262,9.396419386151662,0.529923211101137,CI42-cieza,M3,0.8
Autumn,0.6900011919879188,0.4319099002271086,43.55034607980108,0.485828934648214,CI42-cieza,M3,0.8
Winter,0.7887011143766279,0.2876294386876772,14.308965031424991,0.40572732095874814,CI42-cieza,M3,0.8
Spring,0.6872355329561666,0.48017464130352694,10.902029678748146,0.6557377564956912,CR12-caravaca,M3,0.8
Summer,0.8534976306028094,0.416091421019863,12.92020441699909,0.5473390733598997,CR12-caravaca,M3,0.8
Autumn,0.29628064674867877,0.48181929436440646,22.123876417497815,0.768259793539004,CR12-caravaca,M3,0.8
Winter,0.7057936325414854,0.40411692299254953,15.92223538919331,0.5142159153887264,CR12-caravaca,M3,0.8
Spring,0.6604889914993856,0.6493132055997848,12.274527920471016,0.8115375664296822,JU71-jumilla,M3,0.8
Summer,0.8844642062682098,0.3821250595844967,7.204338399554406,0.5246295454606883,JU71-jumilla,M3,0.8
Autumn,0.7105262314642251,0.38501589710647993,19.906839675213785,0.47172107061170776,JU71-jumilla,M3,0.8
Winter,0.7720860294942159,0.35635186045137174,13.913103695377085,0.46533658085538504,JU71-jumilla,M3,0.8
Spring,0.6671204048992481,0.5552676684260369,12.508166791873748,0.8015863623993048,LO51-aguilas,M3,0.8
Summer,0.8308323762224874,0.4357452536300874,9.751704327994332,0.5545161026921894,LO51-aguilas,M3,0.8
Autumn,0.2645016421102368,0.738339342362172,25.951454085659886,1.124113414223345,LO51-aguilas,M3,0.8
Winter,0.8302231174716779,0.3622916260157546,12.032071229041854,0.49706750506538255,LO51-aguilas,M3,0.8
Spring,0.7715343546526032,0.5207252758145332,10.2432695131446,0.6427345391925674,MO22-molinaSegura,M3,0.8
Summer,0.8431969439127354,0.45583228299315554,10.637060508489075,0.5987593194334958,MO22-molinaSegura,M3,0.8
Autumn,0.5223584495084671,0.45230574581358174,19.394421758982794,0.5590847653696,MO22-molinaSegura,M3,0.8
Winter,0.804765871880952,0.36657174384757263,13.084939578157131,0.4693885173183456,MO22-molinaSegura,M3,0.8
Spring,0.6332188403890716,0.7830020982027055,15.871428457005072,0.9829541344931185,AL41-alhama,M2,0.8
Summer,0.7833827534035527,0.7911946140880316,18.297790452803145,0.949329646859616,AL41-alhama,M2,0.8
Autumn,0.43614901333136674,0.8135667856319531,84.75589865237389,0.9691279647692052,AL41-alhama,M2,0.8
Winter,0.5549371174508486,1.0075132689410693,34.720028403865236,1.328831750414957,AL41-alhama,M2,0.8
Spring,0.6216763127796141,0.37614643239974976,12.240483177979087,0.5945702219571372,CA73-cartagena,M2,0.8
Summer,0.6252521181811057,0.7371292260666967,23.053768372917162,0.9366669910656426,CA73-cartagena,M2,0.8
Autumn,0.3442839697198426,0.5183514705864158,45.751270595359884,0.6312381284949377,CA73-cartagena,M2,0.8
Winter,0.6052134824726527,0.3567286435871908,14.371042592929955,0.5597993997853019,CA73-cartagena,M2,0.8
Spring,0.6278404112484268,0.49842164254188537,14.09862706715713,0.7062780751277175,CA91-fuenteAlamo,M2,0.8
Summer,0.8656316011901434,0.4360619304549526,12.279061821519532,0.5635432013610167,CA91-fuenteAlamo,M2,0.8
Autumn,0.515712899524683,0.5564081646300651,51.21189388767646,0.6259830887275747,CA91-fuenteAlamo,M2,0.8
Winter,0.6495768532852989,0.5328693490485623,21.595753534260442,0.7048108369563094,CA91-fuenteAlamo,M2,0.8
Spring,0.6883405929457428,0.5384744787216187,11.92078804307071,0.7491876920644079,CI42-cieza,M2,0.8
Summer,0.8212484413723888,0.40126188197606044,9.474737712279781,0.5670923652287411,CI42-cieza,M2,0.8
Autumn,0.6014185106558764,0.6313844660166148,69.6349544745507,0.6848518725246077,CI42-cieza,M2,0.8
Winter,0.6736063710483714,0.46870053043104193,20.961653423041717,0.6419155893932468,CI42-cieza,M2,0.8
Spring,0.5966226940535304,0.4596207465880957,12.170261771330534,0.6802445234658011,CR12-caravaca,M2,0.8
Summer,0.81570792290009,0.4181829837342383,11.83219998340357,0.53582980699847,CR12-caravaca,M2,0.8
Autumn,0.38374442951987175,0.5933705630669227,41.646397676560845,0.7275460123090656,CR12-caravaca,M2,0.8
Winter,0.3778307235331643,0.5850430597017889,24.850166768264746,0.7016748011465486,CR12-caravaca,M2,0.8
Spring,0.5761157245643586,0.6268634628057479,12.637168359998817,0.8558292297962898,JU71-jumilla,M2,0.8
Summer,0.7875971671962985,0.4805653835350361,9.48050833944507,0.662300243147222,JU71-jumilla,M2,0.8
Autumn,0.4958363931717176,0.577109137999045,35.119965611324794,0.710848359235437,JU71-jumilla,M2,0.8
Winter,0.5386745966770258,0.5449815281123331,21.206152592397675,0.7127627621538546,JU71-jumilla,M2,0.8
Spring,0.538968000115679,0.7160504813194276,15.800357312179031,0.940593492716257,LO51-aguilas,M2,0.8
Summer,0.7786547254107212,0.582523751594651,11.640966907123405,0.7182404312317929,LO51-aguilas,M2,0.8
Autumn,0.3358142893879749,0.6916387359516041,30.380398952798643,1.0026287425534097,LO51-aguilas,M2,0.8
Winter,0.2410148103061276,1.1700688441158973,32.167499577131046,1.5256593214811653,LO51-aguilas,M2,0.8
Spring,0.6260483245755217,0.5735585547685623,11.736956655247726,0.7537060363637792,MO22-molinaSegura,M2,0.8
Summer,0.7917654040296299,0.593651626479458,12.25819204570483,0.7204412761910577,MO22-molinaSegura,M2,0.8
Autumn,0.09978659905360453,0.5624970741404428,24.538184205188397,0.7095029719588947,MO22-molinaSegura,M2,0.8
Winter,0.45892668905607265,1.099335622526195,33.61554319137043,1.3341864810723425,MO22-molinaSegura,M2,0.8
Spring,0.44586070748405987,0.892483939409256,19.163188644437884,1.1513855210537574,AL41-alhama,M1,0.8
Summer,0.40551142050478844,1.3291995636845981,32.009112698557104,1.6427673930953286,AL41-alhama,M1,0.8
Autumn,0.1302238377040198,1.0488075868503466,120.49550098164816,1.221696402731583,AL41-alhama,M1,0.8
Winter,0.5865401419907672,1.2039127311967823,37.957834719082896,1.5628245080026413,AL41-alhama,M1,0.8
Spring,0.5743617955406489,0.8410145834088325,21.615440146483582,0.9803957792308674,CA73-cartagena,M1,0.8
Summer,0.7046796760829,0.42306436102155226,11.417084002956306,0.5570307851172333,CA73-cartagena,M1,0.8
Autumn,0.13778313814144316,0.4650291315284935,41.02045317363135,0.576374923739381,CA73-cartagena,M1,0.8
Winter,0.5178654909727711,0.6863155245454345,28.585261070832473,0.870490452567851,CA73-cartagena,M1,0.8
Spring,0.5892052497531263,0.6962433795928955,17.51180305290974,0.8644413067092696,CA91-fuenteAlamo,M1,0.8
Summer,0.764174088910533,0.4184204213719972,11.26397950938944,0.5502859997701315,CA91-fuenteAlamo,M1,0.8
Autumn,0.43581052314406377,0.5346367466771926,49.69898691530457,0.6223376549142146,CA91-fuenteAlamo,M1,0.8
Winter,0.4575542785094591,1.0296827758501652,41.59825004890043,1.1993700783247687,CA91-fuenteAlamo,M1,0.8
Spring,0.5260416879597459,0.681635901927948,15.133122881600453,0.8761512976837592,CI42-cieza,M1,0.8
Summer,0.6574770401762811,0.8938746011760872,22.250078750943814,1.0987890847401063,CI42-cieza,M1,0.8
Autumn,0.28850373776055704,0.44929901348577966,51.66053794365703,0.5400644846530647,CI42-cieza,M1,0.8
Winter,0.5630858825125457,0.8299128698322871,36.136700770169064,1.0072495114101965,CI42-cieza,M1,0.8
Spring,0.455048112754689,0.5998773928177662,14.853676272954372,0.8145054585236884,CR12-caravaca,M1,0.8
Summer,0.7530709038605206,0.4233411685513778,11.34800913158836,0.6162418718042155,CR12-caravaca,M1,0.8
Autumn,0.11302295541939315,0.5685041954884162,27.544912702852027,0.8190635731230286,CR12-caravaca,M1,0.8
Winter,0.42309272401849457,0.5641502147178126,23.492711584788953,0.744215410195346,CR12-caravaca,M1,0.8
Spring,0.3591249200478602,1.1684018961787224,24.58993711107699,1.4162434033105993,JU71-jumilla,M1,0.8
Summer,0.633111209441244,0.897033553459275,19.181246841027093,1.0480063110003999,JU71-jumilla,M1,0.8
Autumn,0.030122579559182988,0.7339604973148656,43.27778976145307,0.8651357856847962,JU71-jumilla,M1,0.8
Winter,0.545829087341173,0.5976496578895882,20.662841520604847,0.8177050743453153,JU71-jumilla,M1,0.8
Spring,0.3900570527293442,1.1730625891089441,26.291652955305807,1.4458584798717855,LO51-aguilas,M1,0.8
Summer,0.5795754858252723,0.7781459120629539,17.32188314169623,0.9338081969137234,LO51-aguilas,M1,0.8
Autumn,0.06906077310241664,0.9604330713684496,51.40708404761584,1.2075599501940741,LO51-aguilas,M1,0.8
Winter,0.28556517401283565,1.2106952242655296,33.29823465931664,1.5556232472123928,LO51-aguilas,M1,0.8
Spring,0.5511324138701634,0.9424857577085495,19.42666944308915,1.154963380233106,MO22-molinaSegura,M1,0.8
Summer,0.5952045242414321,0.6688176838109191,15.392849074570403,0.8280041257077858,MO22-molinaSegura,M1,0.8
Autumn,0.009355366170916892,0.5919330724080404,31.145705556106957,0.7201023547185805,MO22-molinaSegura,M1,0.8
Winter,0.33571589812658686,1.0356838829223423,33.08074089271067,1.263816369969533,MO22-molinaSegura,M1,0.8
Spring,0.7961549856316172,0.5388244547162739,10.880822985680872,0.6938939627483319,AL41-alhama,M4,0.7
Summer,0.8540176103550551,0.4040468045203916,9.19148956165269,0.5469667134864186,AL41-alhama,M4,0.7
Autumn,0.6183273374024195,0.909762057524461,97.92367032218388,1.0535728614351014,AL41-alhama,M4,0.7
Winter,0.7454836041196211,0.5590894082188607,22.235199833200678,0.7230884905612756,AL41-alhama,M4,0.7
Spring,0.6875122361204442,0.462470947606223,12.890937992117706,0.6015848191960613,CA73-cartagena,M4,0.7
Summer,0.7674937421060697,0.5741693852024694,18.79198333896283,0.7465273113340336,CA73-cartagena,M4,0.7
Autumn,0.7796490944855425,0.3363147973280687,29.748506534678732,0.4099576725333309,CA73-cartagena,M4,0.7
Winter,0.7086477807131676,0.41761454254388813,18.020321416571868,0.567023670798568,CA73-cartagena,M4,0.7
Spring,0.7138617359110508,0.39731070409502306,10.693989422897179,0.5991404986758617,CA91-fuenteAlamo,M4,0.7
Summer,0.7307937000996297,0.5242471964128556,15.735680553366226,0.7122327032912633,CA91-fuenteAlamo,M4,0.7
Autumn,0.4646296711995828,0.42978814653249886,39.160654653730795,0.6100557684116963,CA91-fuenteAlamo,M4,0.7
Winter,0.7624781625884705,0.36892735727131365,16.38204856358234,0.4708090131967302,CA91-fuenteAlamo,M4,0.7
Spring,0.739401230109649,0.4656170292581831,9.274653922616304,0.6028168208867292,CI42-cieza,M4,0.7
Summer,0.8436990947008575,0.39563873975507685,9.787427366935471,0.5170761685076892,CI42-cieza,M4,0.7
Autumn,0.8259880054398145,0.34425346125089207,36.13003039687976,0.39310197503494365,CI42-cieza,M4,0.7
Winter,0.7524759764808392,0.30947460047900677,13.630957541642324,0.44824833272486764,CI42-cieza,M4,0.7
Spring,0.6423228570794921,0.5033617877258973,12.009632994710145,0.6871896477773676,CR12-caravaca,M4,0.7
Summer,0.8663274244356673,0.5214142991650489,15.640893737723042,0.6439618090805476,CR12-caravaca,M4,0.7
Autumn,0.7352811610656955,0.32207641052163166,19.043110569292896,0.41162335664138927,CR12-caravaca,M4,0.7
Winter,0.6714686822445192,0.410596032962203,15.896473381058751,0.5175329841957357,CR12-caravaca,M4,0.7
Spring,0.6432165792900978,0.6152891290528433,11.787377670477293,0.8162301788262605,JU71-jumilla,M4,0.7
Summer,0.8889177481488877,0.37664026967940795,8.235720040606147,0.4932785326066193,JU71-jumilla,M4,0.7
Autumn,0.7308569913422486,0.3957094360498282,18.810917079779387,0.4913830277531013,JU71-jumilla,M4,0.7
Winter,0.6767119883057182,0.4858306373655796,16.615324213205536,0.643984282574845,JU71-jumilla,M4,0.7
Spring,0.8128049548240409,0.43785041182381773,9.897606134686205,0.6273638976654029,LO51-aguilas,M4,0.7
Summer,0.8570638822802518,0.4121968203206216,10.01559085060402,0.540541979595135,LO51-aguilas,M4,0.7
Autumn,0.835612660973528,0.31955653931544387,14.465690023353064,0.46233468231747077,LO51-aguilas,M4,0.7
Winter,0.8605562585127294,0.42311168484389783,12.664285690651417,0.5511691979086433,LO51-aguilas,M4,0.7
Spring,0.8278105214929555,0.37006059803281505,8.007566504856529,0.4871172891388756,MO22-molinaSegura,M4,0.7
Summer,0.8340380056910072,0.38042718149000604,9.14134026521173,0.5404824676056891,MO22-molinaSegura,M4,0.7
Autumn,0.6493073493120961,0.36512023804679744,16.7529965777628,0.45779992074021353,MO22-molinaSegura,M4,0.7
Winter,0.8111327952217967,0.41104116156697273,14.394184361268032,0.5255131566451053,MO22-molinaSegura,M4,0.7
Spring,0.7700385665526712,0.608402957371303,12.072445475610436,0.7612636368742749,AL41-alhama,M3,0.7
Summer,0.7942560005036903,0.46055690196252635,10.724418782459672,0.6491575950471691,AL41-alhama,M3,0.7
Autumn,0.6979611370939205,1.0793942411129291,121.10620131491072,1.1556864637897926,AL41-alhama,M3,0.7
Winter,0.7367397267547711,0.5590944378077984,20.357438026131383,0.7472599720544815,AL41-alhama,M3,0.7
Spring,0.6420363611600751,0.4236771196637835,12.700828165512224,0.615607054357754,CA73-cartagena,M3,0.7
Summer,0.7599067683890046,0.6476937598566855,21.556917808692514,0.8354378406351125,CA73-cartagena,M3,0.7
Autumn,0.5745146860219525,0.4116090552256658,35.454196699957656,0.48185274254544797,CA73-cartagena,M3,0.7
Winter,0.7799245546661144,0.3090309133380651,14.276134007565332,0.39404362059089026,CA73-cartagena,M3,0.7
Spring,0.649229075794885,0.4878166723932537,12.681696216175023,0.667640359583894,CA91-fuenteAlamo,M3,0.7
Summer,0.770140369047735,0.49846728232599063,15.379498209573963,0.6744470059527725,CA91-fuenteAlamo,M3,0.7
Autumn,0.6804604087184809,0.5085608023863573,46.97968459950077,0.5703999548881798,CA91-fuenteAlamo,M3,0.7
Winter,0.698791795625292,0.4263098711520434,17.600797631373695,0.5493063481855871,CA91-fuenteAlamo,M3,0.7
Spring,0.7414522900555264,0.4745499671527318,9.56072860655672,0.6072799956106962,CI42-cieza,M3,0.7
Summer,0.840582486505235,0.4093989893697924,9.230485713479327,0.5162359629196672,CI42-cieza,M3,0.7
Autumn,0.5992447545989832,0.4442235944454487,48.23507885206064,0.48783045109995793,CI42-cieza,M3,0.7
Winter,0.7628664896070085,0.3080696706473827,13.435853892051755,0.45135495342877036,CI42-cieza,M3,0.7
Spring,0.6956964405588201,0.4209754303623648,10.659795944758892,0.6113633154706823,CR12-caravaca,M3,0.7
Summer,0.8421591122555441,0.48995286403163785,16.1575267253757,0.6478707262223851,CR12-caravaca,M3,0.7
Autumn,0.5223484772933447,0.35431153007175614,19.504338530272204,0.5479818176029803,CR12-caravaca,M3,0.7
Winter,0.672826843401498,0.364051323980093,14.222659832373655,0.4814835469617703,CR12-caravaca,M3,0.7
Spring,0.681546852815172,0.6893040492194038,12.838780190671987,0.836935880880157,JU71-jumilla,M3,0.7
Summer,0.8659314015040689,0.43029071438697075,9.067627767801017,0.5533711718003007,JU71-jumilla,M3,0.7
Autumn,0.7284595739775551,0.47117762426229626,29.43237576183876,0.5668747383655013,JU71-jumilla,M3,0.7
Winter,0.7119422582786453,0.3713427741080523,12.79221930210926,0.5267037160696528,JU71-jumilla,M3,0.7
Spring,0.7298144034738553,0.5034941153526308,12.185096371459595,0.7128787008008871,LO51-aguilas,M3,0.7
Summer,0.7540767932523814,0.5408566270336027,13.3768678326532,0.7340169851294649,LO51-aguilas,M3,0.7
Autumn,0.7880172271821474,0.40712549957862276,18.018598386047085,0.6326433865029951,LO51-aguilas,M3,0.7
Winter,0.7853966979658676,0.3937522481381893,12.914533659071676,0.5459022788206808,LO51-aguilas,M3,0.7
Spring,0.8016616435943513,0.43290903908865797,9.268448095520393,0.5427941709282836,MO22-molinaSegura,M3,0.7
Summer,0.8162341385055073,0.39349325241581096,9.39413602506255,0.5556717047819907,MO22-molinaSegura,M3,0.7
Autumn,0.36772729813598687,0.5156131763306875,21.682094917457622,0.6536474438055492,MO22-molinaSegura,M3,0.7
Winter,0.751178202041132,0.42290968298912046,13.952988044279621,0.5620031679124279,MO22-molinaSegura,M3,0.7
Spring,0.5639972549326091,0.8961112082345146,18.166294179285977,1.0989985577002999,AL41-alhama,M2,0.7
Summer,0.7909224531351058,0.5051214739584154,10.831623462657777,0.6500073171026606,AL41-alhama,M2,0.7
Autumn,0.3580217481471769,1.1773363829392653,139.6107217676713,1.3050303655990794,AL41-alhama,M2,0.7
Winter,0.5945388908375406,1.170521765947342,38.43353968081947,1.4179990576623358,AL41-alhama,M2,0.7
Spring,0.6240869739179502,0.3887463600976126,13.099455364923369,0.6040886839475349,CA73-cartagena,M2,0.7
Summer,0.7567857719485535,0.5140286279493762,16.07954081377413,0.6591557002184308,CA73-cartagena,M2,0.7
Autumn,0.394328445929665,0.4960634618905875,44.98244325453069,0.6019010123928654,CA73-cartagena,M2,0.7
Winter,0.5416082574032728,0.5508348197489977,21.349261756333693,0.7489902006820764,CA73-cartagena,M2,0.7
Spring,0.5417712614893653,0.5329549846649169,14.947045199966299,0.7523584542212067,CA91-fuenteAlamo,M2,0.7
Summer,0.8391415304308308,0.4851603052693028,14.612786157123978,0.6418214885405932,CA91-fuenteAlamo,M2,0.7
Autumn,0.40804590708726657,0.5770223058553843,54.65003333446323,0.6468870711056431,CA91-fuenteAlamo,M2,0.7
Winter,0.5872421864954385,0.5680201499909163,22.11516229694307,0.7198362591564624,CA91-fuenteAlamo,M2,0.7
Spring,0.6616434195934814,0.4367200095312935,9.624919751290033,0.6457310579732772,CI42-cieza,M2,0.7
Summer,0.838835142201838,0.39244255342791157,9.680512305416848,0.5516480084556963,CI42-cieza,M2,0.7
Autumn,0.07782096704100552,0.6275978188147912,75.06246024102181,0.7358186859112298,CI42-cieza,M2,0.7
Winter,0.6842016771690554,0.5086561112850905,21.88488246865194,0.6632394877490454,CI42-cieza,M2,0.7
Spring,0.5934080345953837,0.4934983167928808,13.036717330355732,0.7057600827941464,CR12-caravaca,M2,0.7
Summer,0.8285238362243179,0.6076931531967654,18.74336321294875,0.7714744825494371,CR12-caravaca,M2,0.7
Autumn,0.4962789439496896,0.4745811017699864,30.640461815030186,0.6209849684659481,CR12-caravaca,M2,0.7
Winter,0.42979944036389456,0.48767912290990356,23.268117368544605,0.60610764163663,CR12-caravaca,M2,0.7
Spring,0.5555466692817576,0.6262016184670585,12.926999107544503,0.8915804931047531,JU71-jumilla,M2,0.7
Summer,0.7583521952892884,0.5298780178254651,11.202355585356095,0.7096209712018313,JU71-jumilla,M2,0.7
Autumn,0.46339538578350503,0.6698998283973107,44.354306150491546,0.8125842836658957,JU71-jumilla,M2,0.7
Winter,0.6016215381429785,0.6975068759173154,22.09943336333622,0.9036986913671191,JU71-jumilla,M2,0.7
Spring,0.7124626860276478,0.6996353047234672,16.46872238974938,0.8460712568628667,LO51-aguilas,M2,0.7
Summer,0.7488378973971109,0.6165379236590477,14.864966712600694,0.7677054616675317,LO51-aguilas,M2,0.7
Autumn,0.19776365701711493,0.7252117685171274,37.02097426872113,1.0222772678607903,LO51-aguilas,M2,0.7
Winter,0.28494295162344807,1.117550083324313,30.715670541713042,1.4690435638239634,LO51-aguilas,M2,0.7
Spring,0.7610003782791582,0.4224976577758788,9.71239865199142,0.5784420577262145,MO22-molinaSegura,M2,0.7
Summer,0.7864177512124965,0.4722482665892571,11.763022735114925,0.6532236286918593,MO22-molinaSegura,M2,0.7
Autumn,0.13395343028895768,0.6060994058185154,26.29819139039567,0.7592132903928633,MO22-molinaSegura,M2,0.7
Winter,0.3954230158358053,1.0974074397981166,32.8229461895344,1.3400204537027263,MO22-molinaSegura,M2,0.7
Spring,0.5733682442343406,0.7609734069279263,15.886083419338897,0.9462382229432221,AL41-alhama,M1,0.7
Summer,0.04681909029086721,1.187139413279872,29.420300055512964,1.476101642445667,AL41-alhama,M1,0.7
Autumn,0.012224057149279972,1.559906346981342,190.82120623229912,1.7096313734129152,AL41-alhama,M1,0.7
Winter,0.5101132638415491,1.2907631237059831,39.57978097009262,1.6052188436502348,AL41-alhama,M1,0.7
Spring,0.6381834297170101,0.6911868974140712,18.066894501081002,0.8039704543188311,CA73-cartagena,M1,0.7
Summer,0.5936886494755442,0.7494334522370368,22.639407298626338,0.9336281138466046,CA73-cartagena,M1,0.7
Autumn,0.031918056344285003,0.7730093983870285,70.65143043553624,0.9166893223826098,CA73-cartagena,M1,0.7
Winter,0.506758159794239,0.5523985574394464,21.2736433907106,0.7424347266633965,CA73-cartagena,M1,0.7
Spring,0.6278516570868562,0.6844398057120186,16.938986037024677,0.8421329266858071,CA91-fuenteAlamo,M1,0.7
Summer,0.6402764604520894,0.837571992258872,24.627290473371918,1.018492631883054,CA91-fuenteAlamo,M1,0.7
Autumn,0.1071850537131331,1.0244493873302754,100.03917081279579,1.1061142997089706,CA91-fuenteAlamo,M1,0.7
Winter,0.5313700400784166,0.714470457136631,26.653361683405357,0.887328763801634,CA91-fuenteAlamo,M1,0.7
Spring,0.6221571961543587,0.5740096964154924,12.338497508267103,0.77476890689427,CI42-cieza,M1,0.7
Summer,0.7449373618525662,0.801413317649595,20.356055009169115,0.9606221361161731,CI42-cieza,M1,0.7
Autumn,0.4350291199176029,1.2156468190413257,143.06446269933062,1.2938358279696525,CI42-cieza,M1,0.7
Winter,0.4947174481179383,0.763817984610796,30.997813584423135,0.9431829988865623,CI42-cieza,M1,0.7
Spring,0.5255559403771713,0.565691434916328,14.960716896260601,0.7728059202759489,CR12-caravaca,M1,0.7
Summer,0.0846979500369617,1.1861308328567015,38.13001622126306,1.5703525946007089,CR12-caravaca,M1,0.7
Autumn,0.09424230702854632,0.549075991174449,35.303205317724206,0.7164198499748106,CR12-caravaca,M1,0.7
Winter,0.3297626607066901,0.45195919349789626,20.763464328103513,0.6138771237598277,CR12-caravaca,M1,0.7
Spring,0.5023207983916942,0.7106075899941581,14.403024827062739,0.9344264502986523,JU71-jumilla,M1,0.7
Summer,0.6705726938901052,0.7499553689649027,16.438301706400125,0.8923520744182447,JU71-jumilla,M1,0.7
Autumn,0.0009458885031522338,1.0690061790759748,73.66790899041808,1.289358716912024,JU71-jumilla,M1,0.7
Winter,0.37849385800197105,0.9536466620862483,29.983992126765724,1.1916834011622917,JU71-jumilla,M1,0.7
Spring,0.49716278856332086,0.7474248708997455,16.771182842320144,0.9854688866396051,LO51-aguilas,M1,0.7
Summer,0.414291256991833,1.2750649362994784,31.66314232900533,1.4955452686620605,LO51-aguilas,M1,0.7
Autumn,0.038026076654456245,0.9970431162027213,58.16420224287284,1.2348134285996841,LO51-aguilas,M1,0.7
Winter,0.22388237845789788,1.2731202053278685,33.30686626495181,1.6139432604371713,LO51-aguilas,M1,0.7
Spring,0.635024349342175,0.545611042022705,12.119290743840839,0.7082629721154591,MO22-molinaSegura,M1,0.7
Summer,0.6031836165440104,0.7272178096155966,18.214191925383066,0.8981965510344259,MO22-molinaSegura,M1,0.7
Autumn,0.0038131858059086508,0.6183285481589181,31.18759843382707,0.7351922266853258,MO22-molinaSegura,M1,0.7
Winter,0.2082841759463446,1.285120910331607,38.37513211668722,1.5329718892346094,MO22-molinaSegura,M1,0.7
Spring,0.8025636186337382,0.556452972650528,10.775109972687119,0.7105892151854872,AL41-alhama,M4,0.6
Summer,0.8946537707578373,0.3626219691870348,8.84143681996439,0.46101777508727076,AL41-alhama,M4,0.6
Autumn,0.559158862101548,1.0913490589175905,130.18278758163342,1.193828731634837,AL41-alhama,M4,0.6
Winter,0.6099042677489459,0.7363819793354383,23.14104718692815,0.917719492418059,AL41-alhama,M4,0.6
Spring,0.6493156859372432,0.42605767242113757,12.508076430252512,0.5888006332194706,CA73-cartagena,M4,0.6
Summer,0.7758856103095807,0.5735285161576181,19.359621713046455,0.7386749100395169,CA73-cartagena,M4,0.6
Autumn,0.808467750133903,0.19647231476647511,17.424487362846186,0.2582288300258427,CA73-cartagena,M4,0.6
Winter,0.6151389023206625,0.3842370796203614,14.955213907197473,0.531738299961647,CA73-cartagena,M4,0.6
Spring,0.6858084010004952,0.35914201863606776,9.743486218975942,0.5968672853306192,CA91-fuenteAlamo,M4,0.6
Summer,0.8040843133106756,0.44020964748454544,14.0798290902794,0.6056094346123574,CA91-fuenteAlamo,M4,0.6
Autumn,0.2078385350478317,0.4429940912553243,41.14388853728915,0.6696212620985694,CA91-fuenteAlamo,M4,0.6
Winter,0.6927037132841606,0.3671041441830722,14.73657239416186,0.47852130938902393,CA91-fuenteAlamo,M4,0.6
Spring,0.6864467681125719,0.5075236040751139,9.913884699102146,0.65399176242291,CI42-cieza,M4,0.6
Summer,0.82462730451161,0.4077138544478507,10.742823284636485,0.5278448776771758,CI42-cieza,M4,0.6
Autumn,0.7664170783322873,0.5636019301414489,64.87261340141856,0.5894164282574786,CI42-cieza,M4,0.6
Winter,0.6738532000274069,0.36597571216930036,15.068843592486456,0.5090092127013038,CI42-cieza,M4,0.6
Spring,0.577211325636141,0.5676098576238598,12.815055336117945,0.7402504645671037,CR12-caravaca,M4,0.6
Summer,0.9093179496606613,0.44455113653866746,14.193108165734426,0.5450006080137548,CR12-caravaca,M4,0.6
Autumn,0.7256740871122507,0.26735917959457783,15.158452570754053,0.4180026564750527,CR12-caravaca,M4,0.6
Winter,0.5608187382302462,0.42693169845234263,15.631490266144379,0.5365618484084119,CR12-caravaca,M4,0.6
Spring,0.5972537306262666,0.619259213288625,11.176123049287542,0.8351504952482547,JU71-jumilla,M4,0.6
Summer,0.8670000038791785,0.4072830464704981,9.109026239931428,0.5083564973205827,JU71-jumilla,M4,0.6
Autumn,0.6486430561893641,0.41786264104502546,23.249128370559767,0.4940779829374772,JU71-jumilla,M4,0.6
Winter,0.5915214201003806,0.5690675028020684,18.16641240412798,0.7107227373151048,JU71-jumilla,M4,0.6
Spring,0.7759175211940128,0.42088357289632167,9.05385512072927,0.6184598966993621,LO51-aguilas,M4,0.6
Summer,0.8450131954563981,0.45275748900647433,11.6749629859246,0.5787077198105629,LO51-aguilas,M4,0.6
Autumn,0.726039336593161,0.36740154845373973,20.990961402321314,0.4696020647225897,LO51-aguilas,M4,0.6
Winter,0.8238427656707376,0.3896847663359209,10.728655144698301,0.5159967400383848,LO51-aguilas,M4,0.6
Spring,0.8087969286988358,0.3793665576775869,7.882441677331298,0.4956811030158981,MO22-molinaSegura,M4,0.6
Summer,0.8367627883081903,0.34303161369179785,9.18302661599519,0.5001621848611871,MO22-molinaSegura,M4,0.6
Autumn,0.6118307843948178,0.45041862531944554,19.95062198412332,0.5474514082832074,MO22-molinaSegura,M4,0.6
Winter,0.7871775868518078,0.3521401231939142,11.3573983622343,0.4540869674327426,MO22-molinaSegura,M4,0.6
Spring,0.776417344641547,0.6025599830945333,11.87066891330498,0.7537162724851937,AL41-alhama,M3,0.6
Summer,0.8453794667636079,0.4032565937402114,9.931069531916961,0.5445754606620783,AL41-alhama,M3,0.6
Autumn,0.5644757990900787,0.7889201157433645,95.8621615722084,0.8787406071124494,AL41-alhama,M3,0.6
Winter,0.6134386622786014,0.7146753816604615,22.22549218015492,0.894859997914271,AL41-alhama,M3,0.6
Spring,0.6523981469859048,0.39037829502423604,11.737424246074811,0.5663432791372579,CA73-cartagena,M3,0.6
Summer,0.7303514256295448,0.7498268798612199,25.30683170690566,0.9223342554365018,CA73-cartagena,M3,0.6
Autumn,0.6658696160723879,0.2467204967566899,19.95306995747974,0.30821633448861957,CA73-cartagena,M3,0.6
Winter,0.6080180606917718,0.3694371901425448,16.530491932356234,0.493569759216129,CA73-cartagena,M3,0.6
Spring,0.6340174655409884,0.5358900418281555,13.003956601505879,0.7082268700582975,CA91-fuenteAlamo,M3,0.6
Summer,0.7910598602973015,0.47391920197684817,15.675403430830222,0.6632023474102243,CA91-fuenteAlamo,M3,0.6
Autumn,0.5737126771694472,0.24196622473852983,21.752370893610788,0.3405753487570322,CA91-fuenteAlamo,M3,0.6
Winter,0.6040796392889187,0.4454283970052546,17.691329933516727,0.5813367087665728,CA91-fuenteAlamo,M3,0.6
Spring,0.692374357787272,0.48701286538441974,9.803271036930632,0.6224225738073668,CI42-cieza,M3,0.6
Summer,0.8498700740113794,0.3719384818706873,9.550788092971866,0.47935219410206403,CI42-cieza,M3,0.6
Autumn,0.7195335425422483,0.5904994286809648,70.29974453299272,0.6210644113513218,CI42-cieza,M3,0.6
Winter,0.6935050086351161,0.4099557449167424,17.39839592174186,0.5459327174110016,CI42-cieza,M3,0.6
Spring,0.59629230780085,0.5574974223314706,12.737673507664612,0.7226870437435292,CR12-caravaca,M3,0.6
Summer,0.8748147587261969,0.5480787739663754,18.666827919722852,0.6890067882942148,CR12-caravaca,M3,0.6
Autumn,0.7833491040517749,0.26827571917802867,17.025266045083313,0.4156321536530101,CR12-caravaca,M3,0.6
Winter,0.5289013827145174,0.5288585922067816,18.946455642304414,0.6455221667803401,CR12-caravaca,M3,0.6
Spring,0.6115707096509547,0.7148537634213764,12.744940929924875,0.8696945575750009,JU71-jumilla,M3,0.6
Summer,0.8580573605467519,0.3640293535196556,7.703871331297599,0.4973639126256898,JU71-jumilla,M3,0.6
Autumn,0.6650557624537855,0.43977682266916546,27.810553618353318,0.5304473821531726,JU71-jumilla,M3,0.6
Winter,0.5322618166805757,0.5171338064887308,16.779347902969892,0.6564680652627339,JU71-jumilla,M3,0.6
Spring,0.6689721930403394,0.47934105539321903,10.453302440314745,0.7315718027696392,LO51-aguilas,M3,0.6
Summer,0.7525740298392875,0.5977226185348798,15.811945125968307,0.787253443274155,LO51-aguilas,M3,0.6
Autumn,0.706738678200153,0.340968366094998,19.140105272628126,0.4554166987725668,LO51-aguilas,M3,0.6
Winter,0.7260777393518707,0.4228306834480979,12.246753565255371,0.6091671396445876,LO51-aguilas,M3,0.6
Spring,0.7736328880472143,0.474389573097229,9.601861417632437,0.5851534755967849,MO22-molinaSegura,M3,0.6
Summer,0.8207546476437059,0.3611571461299681,9.255514836010112,0.5055538946487655,MO22-molinaSegura,M3,0.6
Autumn,0.3526256596006569,0.5263160026514971,23.23347803055115,0.6525157130797672,MO22-molinaSegura,M3,0.6
Winter,0.7264429342049425,0.36283280953493985,11.287201482007202,0.4923766215555067,MO22-molinaSegura,M3,0.6
Spring,0.7309711370986751,0.8163959946632385,16.15123288872264,0.9743426187246714,AL41-alhama,M2,0.6
Summer,0.7891714422489,0.5970388326105083,14.318208048587799,0.737222961605533,AL41-alhama,M2,0.6
Autumn,0.3721027363207945,1.0682126849889755,142.04860307408822,1.176712327805865,AL41-alhama,M2,0.6
Winter,0.44223522991226694,1.19393151586706,35.97490004494369,1.4403620726489237,AL41-alhama,M2,0.6
Spring,0.6025273510279678,0.40563496009508776,13.334410345532744,0.6403693211999659,CA73-cartagena,M2,0.6
Summer,0.7392205009124946,0.6061067815096872,19.543503009971708,0.7441747286891846,CA73-cartagena,M2,0.6
Autumn,0.25888191009476264,0.36788811096123286,31.340874123804962,0.4488719209758112,CA73-cartagena,M2,0.6
Winter,0.4608862279649083,0.6459028738195247,24.975801606956477,0.8195738125550134,CA73-cartagena,M2,0.6
Spring,0.5503200866028375,0.581989645322164,15.004380451504717,0.7656771784467866,CA91-fuenteAlamo,M2,0.6
Summer,0.8440630421317595,0.4078991366332433,12.999638316926848,0.5642092275722949,CA91-fuenteAlamo,M2,0.6
Autumn,0.4783631344776637,0.25542864850589203,21.29958622120352,0.33852294216766826,CA91-fuenteAlamo,M2,0.6
Winter,0.49574009138831304,0.5952299730127507,22.453465481785525,0.7333171193898534,CA91-fuenteAlamo,M2,0.6
Spring,0.6713991725995211,0.45907854143778487,9.61232140021508,0.6274926332700473,CI42-cieza,M2,0.6
Summer,0.8562904753252495,0.33887065419610934,8.529043307170564,0.4281598941862998,CI42-cieza,M2,0.6
Autumn,0.09965713538958816,0.8397596308163234,101.07029419322014,0.9397040388236645,CI42-cieza,M2,0.6
Winter,0.5692426313981301,0.5624813478643244,22.19906500956904,0.7295796466276923,CI42-cieza,M2,0.6
Spring,0.5154032360158902,0.5112687590970831,12.918950866135631,0.7461773137160481,CR12-caravaca,M2,0.6
Summer,0.8337328796886139,0.6715512693153236,21.147895716886605,0.8028470810143824,CR12-caravaca,M2,0.6
Autumn,0.5221388612665938,0.5605110564598671,41.237139814285754,0.6976760974035456,CR12-caravaca,M2,0.6
Winter,0.27532030334600693,0.517917494427074,19.741333029239268,0.6730510298492892,CR12-caravaca,M2,0.6
Spring,0.5047939177307541,0.758891528447469,14.502162211457536,0.9349341571581767,JU71-jumilla,M2,0.6
Summer,0.7277824896282322,0.5114606182530241,11.15708614173106,0.6965203012137211,JU71-jumilla,M2,0.6
Autumn,0.41362725156182467,0.630317645413535,43.571222583371885,0.7493338718967705,JU71-jumilla,M2,0.6
Winter,0.545181002526913,0.8194915993430398,24.635286188764198,1.0093209827858283,JU71-jumilla,M2,0.6
Spring,0.6017408631018772,0.5553583121299744,12.646142559775608,0.761145364177054,LO51-aguilas,M2,0.6
Summer,0.6676909649149309,0.7017288794607485,17.582121136756616,0.8546735852446988,LO51-aguilas,M2,0.6
Autumn,0.4789240592143512,0.6930660106454577,44.826676406272966,0.803137917113423,LO51-aguilas,M2,0.6
Winter,0.18343816809628,1.1699643674330278,29.760673778610457,1.4760667566654448,LO51-aguilas,M2,0.6
Spring,0.7241146580185758,0.45708183479309084,10.058443955794333,0.60009010509987,MO22-molinaSegura,M2,0.6
Summer,0.771018595368497,0.3955583306078641,9.811020562108903,0.5751244941993204,MO22-molinaSegura,M2,0.6
Autumn,0.1562221923425182,0.6522061452159176,28.28291815364437,0.7960289341886488,MO22-molinaSegura,M2,0.6
Winter,0.3148854576977973,0.7326511089151556,21.090839623949115,0.9855480824416833,MO22-molinaSegura,M2,0.6
Spring,0.5378413146009022,0.7552334502538046,15.984078090595414,0.9487658601148359,AL41-alhama,M1,0.6
Summer,0.5557755819443039,1.0681023853230025,26.90578370373999,1.2761244499639286,AL41-alhama,M1,0.6
Autumn,0.12693711922889156,1.6137710681983404,210.59977947486712,1.7289152875290845,AL41-alhama,M1,0.6
Winter,0.37244060140662566,1.4659666219191116,41.86404474971798,1.7445266393848757,AL41-alhama,M1,0.6
Spring,0.594607386687481,0.6392735884984334,16.858721428752478,0.7513325413121492,CA73-cartagena,M1,0.6
Summer,0.5649709640140886,0.807242068344692,24.767476729648426,0.9714600860905396,CA73-cartagena,M1,0.6
Autumn,0.08574118619493132,0.60744336272989,58.37358823609839,0.7287092723914581,CA73-cartagena,M1,0.6
Winter,0.42201994872523135,0.5947186113704336,22.19492897231144,0.7632000191231259,CA73-cartagena,M1,0.6
Spring,0.5947397980607148,0.6425065558751425,15.542633715138148,0.7610643637929079,CA91-fuenteAlamo,M1,0.6
Summer,0.6135904237981847,0.9908779162280967,29.486092159919696,1.1383229385968991,CA91-fuenteAlamo,M1,0.6
Autumn,0.3962592228950924,0.5982707553250449,60.48297305809841,0.6593377425066815,CA91-fuenteAlamo,M1,0.6
Winter,0.45890179209421006,0.7729715795516967,28.74282813031578,0.9214009795947297,CA91-fuenteAlamo,M1,0.6
Spring,0.6435809727105912,0.5240327242215475,11.47631648563993,0.6984402636808307,CI42-cieza,M1,0.6
Summer,0.6124361422962928,0.830493135632209,22.28672909271535,1.0214300177495068,CI42-cieza,M1,0.6
Autumn,0.34777366335103516,1.0462454939740045,129.97212150514298,1.1110270938854896,CI42-cieza,M1,0.6
Winter,0.4432695275693393,0.7561342788176103,28.605862752335014,0.9200584257432487,CI42-cieza,M1,0.6
Spring,0.4292797445494449,0.5946497480748063,15.013631912377127,0.8154230176413082,CR12-caravaca,M1,0.6
Summer,0.27336865046273695,1.1650518881599856,37.771889278436554,1.4783203313497293,CR12-caravaca,M1,0.6
Autumn,0.27412695756368777,0.6532622463275225,48.186273604022006,0.7612762899560729,CR12-caravaca,M1,0.6
Winter,0.254833644650964,0.487941630710255,17.432923438173237,0.6826287313592784,CR12-caravaca,M1,0.6
Spring,0.47836699094793805,0.6682307801246642,13.09619186409717,0.9237086058496067,JU71-jumilla,M1,0.6
Summer,0.5594619814911775,0.8896723200240226,20.41563623126655,1.0613704743757948,JU71-jumilla,M1,0.6
Autumn,0.19626623208064653,0.9355405391965592,68.52152103311707,1.146713847079727,JU71-jumilla,M1,0.6
Winter,0.3783066907701588,0.9812702026367186,29.545210380917275,1.1854918999295192,JU71-jumilla,M1,0.6
Spring,0.4794130256355136,0.7284154465993246,14.28450023064137,0.9698105927690068,LO51-aguilas,M1,0.6
Summer,0.32812051105698437,1.3859223488141907,35.38903322384408,1.5878006311389026,LO51-aguilas,M1,0.6
Autumn,0.010651482446784441,1.2540923094749452,81.6131575067055,1.3855809135957182,LO51-aguilas,M1,0.6
Winter,0.1004117976622032,1.6042240624861284,41.7371093203651,1.8565738082543166,LO51-aguilas,M1,0.6
Spring,0.5987534836039397,0.5597843586603799,11.937610888827015,0.7256043777713687,MO22-molinaSegura,M1,0.6
Summer,0.5173158083035593,0.7708232420795368,20.15615214804504,0.9246509983844717,MO22-molinaSegura,M1,0.6
Autumn,0.026569478116385947,0.6320381630791557,31.95869316184949,0.7349913032339149,MO22-molinaSegura,M1,0.6
Winter,0.37273466572430836,0.9199262103167448,25.352498143332397,1.1539977232913647,MO22-molinaSegura,M1,0.6
